<?xml version='1.0' encoding='UTF-8'?>
<?artifactRepository version='1.1.0'?>
<repository name='file:/C:/Users/kpotlabathini/AnypointStudio/workspace/exchange-connector/target/update-site/ - artifacts' type='org.eclipse.equinox.p2.artifact.repository.simpleRepository' version='1'>
  <properties size='2'>
    <property name='p2.timestamp' value='1423057472792'/>
    <property name='p2.compressed' value='false'/>
  </properties>
  <mappings size='3'>
    <rule filter='(&amp; (classifier=osgi.bundle))' output='${repoUrl}/plugins/${id}_${version}.jar'/>
    <rule filter='(&amp; (classifier=binary))' output='${repoUrl}/binary/${id}_${version}'/>
    <rule filter='(&amp; (classifier=org.eclipse.update.feature))' output='${repoUrl}/features/${id}_${version}.jar'/>
  </mappings>
  <artifacts size='2'>
    <artifact classifier='org.eclipse.update.feature' id='org.mule.tooling.ui.extension.exchange-connector.3.5.0' version='1.0.0.201502041914'>
      <properties size='4'>
        <property name='artifact.size' value='10059'/>
        <property name='download.size' value='10059'/>
        <property name='download.md5' value='9fbbbfeb173e8cb4fea86e3e94727366'/>
        <property name='download.contentType' value='application/zip'/>
      </properties>
    </artifact>
    <artifact classifier='osgi.bundle' id='org.mule.tooling.ui.contribution.exchange.3.5.0' version='1.0.0.201502041914'>
      <properties size='3'>
        <property name='artifact.size' value='223700'/>
        <property name='download.size' value='223700'/>
        <property name='download.md5' value='30c0ebcb38b0e65cd37db98bc0ec37e1'/>
      </properties>
    </artifact>
  </artifacts>
</repository>
